dataset,algorithm,k,d,step,instantaneous_loss,cumulative_loss,n_leaves,elapsed_s
SyntheticClustered,GrassmannHRD,2,5,0,0.903557,0.903557,1,0.000
SyntheticClustered,GrassmannHRD,2,5,1,0.192557,1.096114,1,0.000
SyntheticClustered,GrassmannHRD,2,5,2,0.874719,1.970833,1,0.000
SyntheticClustered,GrassmannHRD,2,5,3,0.141259,2.112092,1,0.000
SyntheticClustered,GrassmannHRD,2,5,4,0.443146,2.555238,1,0.001
SyntheticClustered,GrassmannHRD,2,5,5,0.816334,3.371572,1,0.001
SyntheticClustered,GrassmannHRD,2,5,6,0.098903,3.470475,1,0.001
SyntheticClustered,GrassmannHRD,2,5,7,0.239968,3.710443,1,0.001
SyntheticClustered,GrassmannHRD,2,5,8,0.807064,4.517507,1,0.001
SyntheticClustered,GrassmannHRD,2,5,9,0.193858,4.711365,7,0.007
SyntheticClustered,GrassmannHRD,2,5,10,0.065111,4.776476,7,0.007
SyntheticClustered,GrassmannHRD,2,5,11,0.946147,5.722623,7,0.007
SyntheticClustered,GrassmannHRD,2,5,12,0.176322,5.898946,7,0.007
SyntheticClustered,GrassmannHRD,2,5,13,0.295024,6.193970,7,0.007
SyntheticClustered,GrassmannHRD,2,5,14,0.839203,7.033173,7,0.008
SyntheticClustered,GrassmannHRD,2,5,15,0.218787,7.251959,7,0.008
SyntheticClustered,GrassmannHRD,2,5,16,0.241588,7.493547,7,0.008
SyntheticClustered,GrassmannHRD,2,5,17,0.911369,8.404916,7,0.008
SyntheticClustered,GrassmannHRD,2,5,18,0.148584,8.553500,7,0.008
SyntheticClustered,GrassmannHRD,2,5,19,0.428573,8.982073,7,0.008
SyntheticClustered,GrassmannHRD,2,5,20,0.926661,9.908734,7,0.009
SyntheticClustered,GrassmannHRD,2,5,21,0.346979,10.255713,7,0.009
SyntheticClustered,GrassmannHRD,2,5,22,0.272886,10.528599,7,0.009
SyntheticClustered,GrassmannHRD,2,5,23,0.670647,11.199246,7,0.009
SyntheticClustered,GrassmannHRD,2,5,24,0.757802,11.957048,7,0.009
SyntheticClustered,GrassmannHRD,2,5,25,0.272545,12.229593,7,0.009
SyntheticClustered,GrassmannHRD,2,5,26,0.925515,13.155108,10,0.013
SyntheticClustered,GrassmannHRD,2,5,27,0.301221,13.456329,10,0.013
SyntheticClustered,GrassmannHRD,2,5,28,0.437471,13.893800,10,0.013
SyntheticClustered,GrassmannHRD,2,5,29,0.662274,14.556074,10,0.014
SyntheticClustered,GrassmannHRD,2,5,30,0.195578,14.751651,10,0.014
SyntheticClustered,GrassmannHRD,2,5,31,0.331200,15.082851,10,0.015
SyntheticClustered,GrassmannHRD,2,5,32,0.837453,15.920304,10,0.015
SyntheticClustered,GrassmannHRD,2,5,33,0.341851,16.262155,10,0.015
SyntheticClustered,GrassmannHRD,2,5,34,0.424793,16.686948,10,0.016
SyntheticClustered,GrassmannHRD,2,5,35,0.915162,17.602110,10,0.016
SyntheticClustered,GrassmannHRD,2,5,36,0.086232,17.688342,10,0.016
SyntheticClustered,GrassmannHRD,2,5,37,0.223742,17.912084,10,0.017
SyntheticClustered,GrassmannHRD,2,5,38,0.895949,18.808033,10,0.017
SyntheticClustered,GrassmannHRD,2,5,39,0.116083,18.924116,10,0.018
SyntheticClustered,GrassmannHRD,2,5,40,0.423552,19.347668,10,0.018
SyntheticClustered,GrassmannHRD,2,5,41,0.741079,20.088747,10,0.018
SyntheticClustered,GrassmannHRD,2,5,42,0.593289,20.682036,10,0.019
SyntheticClustered,GrassmannHRD,2,5,43,0.220887,20.902923,10,0.019
SyntheticClustered,GrassmannHRD,2,5,44,0.735344,21.638268,10,0.019
SyntheticClustered,GrassmannHRD,2,5,45,0.776075,22.414343,10,0.020
SyntheticClustered,GrassmannHRD,2,5,46,0.311606,22.725948,10,0.020
SyntheticClustered,GrassmannHRD,2,5,47,0.785842,23.511791,10,0.021
SyntheticClustered,GrassmannHRD,2,5,48,0.187167,23.698958,10,0.021
SyntheticClustered,GrassmannHRD,2,5,49,0.379177,24.078135,10,0.021
SyntheticClustered,GrassmannHRD,2,5,50,0.801594,24.879728,10,0.022
SyntheticClustered,GrassmannHRD,2,5,51,0.586719,25.466447,10,0.022
SyntheticClustered,GrassmannHRD,2,5,52,0.164545,25.630992,10,0.023
SyntheticClustered,GrassmannHRD,2,5,53,0.657519,26.288511,10,0.023
SyntheticClustered,GrassmannHRD,2,5,54,0.078055,26.366566,10,0.024
SyntheticClustered,GrassmannHRD,2,5,55,0.774660,27.141226,10,0.024
SyntheticClustered,GrassmannHRD,2,5,56,0.555423,27.696649,10,0.024
SyntheticClustered,GrassmannHRD,2,5,57,0.101713,27.798362,10,0.025
SyntheticClustered,GrassmannHRD,2,5,58,0.615646,28.414008,10,0.025
SyntheticClustered,GrassmannHRD,2,5,59,0.701713,29.115721,10,0.025
SyntheticClustered,GrassmannHRD,2,5,60,0.133471,29.249192,10,0.025
SyntheticClustered,GrassmannHRD,2,5,61,0.645020,29.894212,10,0.026
SyntheticClustered,GrassmannHRD,2,5,62,0.574310,30.468522,10,0.026
SyntheticClustered,GrassmannHRD,2,5,63,0.337601,30.806123,10,0.026
SyntheticClustered,GrassmannHRD,2,5,64,0.309624,31.115747,11,0.028
SyntheticClustered,GrassmannHRD,2,5,65,0.715033,31.830781,12,0.029
SyntheticClustered,GrassmannHRD,2,5,66,0.544779,32.375560,12,0.029
SyntheticClustered,GrassmannHRD,2,5,67,0.193052,32.568612,12,0.029
SyntheticClustered,GrassmannHRD,2,5,68,0.721035,33.289647,13,0.030
SyntheticClustered,GrassmannHRD,2,5,69,0.237413,33.527059,13,0.031
SyntheticClustered,GrassmannHRD,2,5,70,0.316848,33.843908,13,0.031
SyntheticClustered,GrassmannHRD,2,5,71,0.846467,34.690375,13,0.031
SyntheticClustered,GrassmannHRD,2,5,72,0.466205,35.156580,13,0.031
SyntheticClustered,GrassmannHRD,2,5,73,0.386909,35.543488,13,0.031
SyntheticClustered,GrassmannHRD,2,5,74,0.904821,36.448310,13,0.031
SyntheticClustered,GrassmannHRD,2,5,75,0.519507,36.967817,13,0.032
SyntheticClustered,GrassmannHRD,2,5,76,0.245415,37.213232,13,0.032
SyntheticClustered,GrassmannHRD,2,5,77,0.627480,37.840712,13,0.032
SyntheticClustered,GrassmannHRD,2,5,78,0.722044,38.562756,13,0.032
SyntheticClustered,GrassmannHRD,2,5,79,0.229454,38.792211,13,0.032
SyntheticClustered,GrassmannHRD,2,5,80,0.617543,39.409754,13,0.032
SyntheticClustered,GrassmannHRD,2,5,81,0.626389,40.036143,13,0.033
SyntheticClustered,GrassmannHRD,2,5,82,0.433649,40.469792,13,0.033
SyntheticClustered,GrassmannHRD,2,5,83,0.567610,41.037402,13,0.033
SyntheticClustered,GrassmannHRD,2,5,84,0.492044,41.529446,13,0.033
SyntheticClustered,GrassmannHRD,2,5,85,0.253759,41.783204,14,0.034
SyntheticClustered,GrassmannHRD,2,5,86,0.868592,42.651796,14,0.034
SyntheticClustered,GrassmannHRD,2,5,87,0.678175,43.329972,14,0.035
SyntheticClustered,GrassmannHRD,2,5,88,0.315176,43.645147,14,0.035
SyntheticClustered,GrassmannHRD,2,5,89,0.498426,44.143573,14,0.035
SyntheticClustered,GrassmannHRD,2,5,90,0.565948,44.709521,14,0.035
SyntheticClustered,GrassmannHRD,2,5,91,0.185804,44.895325,17,0.038
SyntheticClustered,GrassmannHRD,2,5,92,0.627131,45.522455,17,0.038
SyntheticClustered,GrassmannHRD,2,5,93,0.626950,46.149405,17,0.039
SyntheticClustered,GrassmannHRD,2,5,94,0.294751,46.444156,17,0.039
SyntheticClustered,GrassmannHRD,2,5,95,0.666539,47.110695,17,0.039
SyntheticClustered,GrassmannHRD,2,5,96,0.457390,47.568086,17,0.040
SyntheticClustered,GrassmannHRD,2,5,97,0.563107,48.131193,17,0.040
SyntheticClustered,GrassmannHRD,2,5,98,0.656169,48.787362,17,0.040
SyntheticClustered,GrassmannHRD,2,5,99,0.335606,49.122968,19,0.042
SyntheticClustered,GrassmannHRD,2,5,100,0.350242,49.473210,19,0.043
SyntheticClustered,GrassmannHRD,2,5,101,0.660534,50.133744,19,0.043
SyntheticClustered,GrassmannHRD,2,5,102,0.750407,50.884151,19,0.043
SyntheticClustered,GrassmannHRD,2,5,103,0.214801,51.098952,19,0.044
SyntheticClustered,GrassmannHRD,2,5,104,0.331964,51.430916,19,0.044
SyntheticClustered,GrassmannHRD,2,5,105,0.372841,51.803757,19,0.044
SyntheticClustered,GrassmannHRD,2,5,106,0.250730,52.054487,19,0.044
SyntheticClustered,GrassmannHRD,2,5,107,0.828782,52.883269,19,0.044
SyntheticClustered,GrassmannHRD,2,5,108,0.381600,53.264869,19,0.044
SyntheticClustered,GrassmannHRD,2,5,109,0.238780,53.503649,21,0.046
SyntheticClustered,GrassmannHRD,2,5,110,0.592242,54.095891,21,0.047
SyntheticClustered,GrassmannHRD,2,5,111,0.464418,54.560309,21,0.047
SyntheticClustered,GrassmannHRD,2,5,112,0.252025,54.812335,21,0.047
SyntheticClustered,GrassmannHRD,2,5,113,0.593204,55.405538,21,0.047
SyntheticClustered,GrassmannHRD,2,5,114,0.341104,55.746642,22,0.048
SyntheticClustered,GrassmannHRD,2,5,115,0.408594,56.155236,22,0.048
SyntheticClustered,GrassmannHRD,2,5,116,0.712505,56.867741,22,0.049
SyntheticClustered,GrassmannHRD,2,5,117,0.503411,57.371152,22,0.049
SyntheticClustered,GrassmannHRD,2,5,118,0.474651,57.845803,22,0.049
SyntheticClustered,GrassmannHRD,2,5,119,0.802206,58.648009,22,0.049
SyntheticClustered,GrassmannHRD,2,5,120,0.577652,59.225662,22,0.050
SyntheticClustered,GrassmannHRD,2,5,121,0.187438,59.413100,22,0.050
SyntheticClustered,GrassmannHRD,2,5,122,0.721209,60.134308,22,0.050
SyntheticClustered,GrassmannHRD,2,5,123,0.610135,60.744443,22,0.050
SyntheticClustered,GrassmannHRD,2,5,124,0.288006,61.032450,22,0.051
SyntheticClustered,GrassmannHRD,2,5,125,0.787197,61.819646,22,0.051
SyntheticClustered,GrassmannHRD,2,5,126,0.433386,62.253032,22,0.051
SyntheticClustered,GrassmannHRD,2,5,127,0.702269,62.955301,22,0.051
SyntheticClustered,GrassmannHRD,2,5,128,0.617852,63.573153,22,0.052
SyntheticClustered,GrassmannHRD,2,5,129,0.367690,63.940843,23,0.053
SyntheticClustered,GrassmannHRD,2,5,130,0.246108,64.186951,23,0.053
SyntheticClustered,GrassmannHRD,2,5,131,0.337851,64.524802,23,0.053
SyntheticClustered,GrassmannHRD,2,5,132,0.699872,65.224674,23,0.054
SyntheticClustered,GrassmannHRD,2,5,133,0.448228,65.672902,23,0.054
SyntheticClustered,GrassmannHRD,2,5,134,0.700924,66.373827,23,0.054
SyntheticClustered,GrassmannHRD,2,5,135,0.513202,66.887029,23,0.054
SyntheticClustered,GrassmannHRD,2,5,136,0.294949,67.181978,23,0.054
SyntheticClustered,GrassmannHRD,2,5,137,0.407552,67.589530,23,0.055
SyntheticClustered,GrassmannHRD,2,5,138,0.533830,68.123360,23,0.055
SyntheticClustered,GrassmannHRD,2,5,139,0.354531,68.477891,23,0.055
SyntheticClustered,GrassmannHRD,2,5,140,0.798793,69.276684,27,0.059
SyntheticClustered,GrassmannHRD,2,5,141,0.476129,69.752813,27,0.059
SyntheticClustered,GrassmannHRD,2,5,142,0.508749,70.261562,29,0.061
SyntheticClustered,GrassmannHRD,2,5,143,0.458048,70.719610,29,0.062
SyntheticClustered,GrassmannHRD,2,5,144,0.479440,71.199051,29,0.062
SyntheticClustered,GrassmannHRD,2,5,145,0.597941,71.796991,29,0.062
SyntheticClustered,GrassmannHRD,2,5,146,0.582843,72.379835,29,0.063
SyntheticClustered,GrassmannHRD,2,5,147,0.746581,73.126416,29,0.063
SyntheticClustered,GrassmannHRD,2,5,148,0.251260,73.377675,29,0.063
SyntheticClustered,GrassmannHRD,2,5,149,0.482861,73.860536,29,0.063
SyntheticClustered,GrassmannHRD,2,5,150,0.353271,74.213807,29,0.064
SyntheticClustered,GrassmannHRD,2,5,151,0.669852,74.883660,29,0.064
SyntheticClustered,GrassmannHRD,2,5,152,0.522348,75.406008,29,0.065
SyntheticClustered,GrassmannHRD,2,5,153,0.662908,76.068915,29,0.065
SyntheticClustered,GrassmannHRD,2,5,154,0.260556,76.329472,29,0.066
SyntheticClustered,GrassmannHRD,2,5,155,0.727312,77.056784,29,0.066
SyntheticClustered,GrassmannHRD,2,5,156,0.666595,77.723378,29,0.066
SyntheticClustered,GrassmannHRD,2,5,157,0.132437,77.855815,30,0.068
SyntheticClustered,GrassmannHRD,2,5,158,0.419528,78.275343,31,0.069
SyntheticClustered,GrassmannHRD,2,5,159,0.380522,78.655865,31,0.070
SyntheticClustered,GrassmannHRD,2,5,160,0.217612,78.873477,31,0.070
SyntheticClustered,GrassmannHRD,2,5,161,0.807510,79.680987,31,0.070
SyntheticClustered,GrassmannHRD,2,5,162,0.380371,80.061357,31,0.070
SyntheticClustered,GrassmannHRD,2,5,163,0.459406,80.520764,31,0.071
SyntheticClustered,GrassmannHRD,2,5,164,0.866164,81.386928,31,0.071
SyntheticClustered,GrassmannHRD,2,5,165,0.440722,81.827649,31,0.071
SyntheticClustered,GrassmannHRD,2,5,166,0.479342,82.306991,31,0.071
SyntheticClustered,GrassmannHRD,2,5,167,0.627817,82.934808,31,0.072
SyntheticClustered,GrassmannHRD,2,5,168,0.535772,83.470581,32,0.073
SyntheticClustered,GrassmannHRD,2,5,169,0.136436,83.607016,32,0.073
SyntheticClustered,GrassmannHRD,2,5,170,0.319752,83.926769,32,0.073
SyntheticClustered,GrassmannHRD,2,5,171,0.389760,84.316528,32,0.073
SyntheticClustered,GrassmannHRD,2,5,172,0.070790,84.387318,32,0.074
SyntheticClustered,GrassmannHRD,2,5,173,0.674403,85.061721,32,0.074
SyntheticClustered,GrassmannHRD,2,5,174,0.544465,85.606186,32,0.074
SyntheticClustered,GrassmannHRD,2,5,175,0.110733,85.716919,32,0.074
SyntheticClustered,GrassmannHRD,2,5,176,0.558953,86.275872,32,0.075
SyntheticClustered,GrassmannHRD,2,5,177,0.508688,86.784559,32,0.075
SyntheticClustered,GrassmannHRD,2,5,178,0.505236,87.289796,32,0.075
SyntheticClustered,GrassmannHRD,2,5,179,0.473841,87.763636,32,0.075
SyntheticClustered,GrassmannHRD,2,5,180,0.553701,88.317337,32,0.076
SyntheticClustered,GrassmannHRD,2,5,181,0.116081,88.433418,32,0.076
SyntheticClustered,GrassmannHRD,2,5,182,0.294772,88.728190,32,0.076
SyntheticClustered,GrassmannHRD,2,5,183,0.672838,89.401028,32,0.076
SyntheticClustered,GrassmannHRD,2,5,184,0.209570,89.610598,32,0.077
SyntheticClustered,GrassmannHRD,2,5,185,0.686588,90.297186,32,0.077
SyntheticClustered,GrassmannHRD,2,5,186,0.362706,90.659892,32,0.077
SyntheticClustered,GrassmannHRD,2,5,187,0.144287,90.804179,32,0.078
SyntheticClustered,GrassmannHRD,2,5,188,0.411967,91.216147,34,0.080
SyntheticClustered,GrassmannHRD,2,5,189,0.217476,91.433622,34,0.080
SyntheticClustered,GrassmannHRD,2,5,190,0.094653,91.528275,34,0.080
SyntheticClustered,GrassmannHRD,2,5,191,0.794401,92.322677,34,0.081
SyntheticClustered,GrassmannHRD,2,5,192,0.407813,92.730489,34,0.081
SyntheticClustered,GrassmannHRD,2,5,193,0.148975,92.879464,34,0.081
SyntheticClustered,GrassmannHRD,2,5,194,0.369814,93.249279,34,0.081
SyntheticClustered,GrassmannHRD,2,5,195,0.709871,93.959150,34,0.082
SyntheticClustered,GrassmannHRD,2,5,196,0.145451,94.104601,34,0.082
SyntheticClustered,GrassmannHRD,2,5,197,0.703550,94.808151,34,0.082
SyntheticClustered,GrassmannHRD,2,5,198,0.459674,95.267825,34,0.083
SyntheticClustered,GrassmannHRD,2,5,199,0.282804,95.550629,34,0.083
SyntheticClustered,GrassmannHRD,2,5,200,0.623020,96.173649,34,0.084
SyntheticClustered,GrassmannHRD,2,5,201,0.392494,96.566144,34,0.084
SyntheticClustered,GrassmannHRD,2,5,202,0.239915,96.806058,34,0.084
SyntheticClustered,GrassmannHRD,2,5,203,0.562051,97.368109,34,0.084
SyntheticClustered,GrassmannHRD,2,5,204,0.535071,97.903180,34,0.085
SyntheticClustered,GrassmannHRD,2,5,205,0.187042,98.090222,34,0.085
SyntheticClustered,GrassmannHRD,2,5,206,0.482382,98.572604,35,0.086
SyntheticClustered,GrassmannHRD,2,5,207,0.442833,99.015437,35,0.086
SyntheticClustered,GrassmannHRD,2,5,208,0.234992,99.250429,35,0.087
SyntheticClustered,GrassmannHRD,2,5,209,0.842604,100.093033,35,0.087
SyntheticClustered,GrassmannHRD,2,5,210,0.419502,100.512535,35,0.087
SyntheticClustered,GrassmannHRD,2,5,211,0.246657,100.759192,35,0.087
SyntheticClustered,GrassmannHRD,2,5,212,0.468414,101.227607,35,0.088
SyntheticClustered,GrassmannHRD,2,5,213,0.365538,101.593144,35,0.088
SyntheticClustered,GrassmannHRD,2,5,214,0.171448,101.764593,35,0.088
SyntheticClustered,GrassmannHRD,2,5,215,0.807955,102.572547,35,0.089
SyntheticClustered,GrassmannHRD,2,5,216,0.622406,103.194953,35,0.089
SyntheticClustered,GrassmannHRD,2,5,217,0.396168,103.591121,35,0.089
SyntheticClustered,GrassmannHRD,2,5,218,0.645298,104.236419,35,0.089
SyntheticClustered,GrassmannHRD,2,5,219,0.123750,104.360169,35,0.090
SyntheticClustered,GrassmannHRD,2,5,220,0.292620,104.652789,35,0.090
SyntheticClustered,GrassmannHRD,2,5,221,0.581028,105.233817,35,0.090
SyntheticClustered,GrassmannHRD,2,5,222,0.505316,105.739133,35,0.091
SyntheticClustered,GrassmannHRD,2,5,223,0.122695,105.861828,35,0.091
SyntheticClustered,GrassmannHRD,2,5,224,0.414871,106.276699,35,0.092
SyntheticClustered,GrassmannHRD,2,5,225,0.157989,106.434687,35,0.092
SyntheticClustered,GrassmannHRD,2,5,226,0.275325,106.710012,35,0.093
SyntheticClustered,GrassmannHRD,2,5,227,0.452096,107.162108,37,0.095
SyntheticClustered,GrassmannHRD,2,5,228,0.586089,107.748197,37,0.095
SyntheticClustered,GrassmannHRD,2,5,229,0.156491,107.904689,37,0.095
SyntheticClustered,GrassmannHRD,2,5,230,0.719885,108.624574,37,0.095
SyntheticClustered,GrassmannHRD,2,5,231,0.286804,108.911377,37,0.096
SyntheticClustered,GrassmannHRD,2,5,232,0.039309,108.950686,38,0.097
SyntheticClustered,GrassmannHRD,2,5,233,0.849471,109.800157,38,0.098
SyntheticClustered,GrassmannHRD,2,5,234,0.368760,110.168918,38,0.098
SyntheticClustered,GrassmannHRD,2,5,235,0.454836,110.623754,40,0.100
SyntheticClustered,GrassmannHRD,2,5,236,0.496452,111.120206,40,0.100
SyntheticClustered,GrassmannHRD,2,5,237,0.291720,111.411926,40,0.100
SyntheticClustered,GrassmannHRD,2,5,238,0.269143,111.681069,40,0.101
SyntheticClustered,GrassmannHRD,2,5,239,0.534161,112.215230,40,0.101
SyntheticClustered,GrassmannHRD,2,5,240,0.410948,112.626178,40,0.101
SyntheticClustered,GrassmannHRD,2,5,241,0.313995,112.940173,41,0.102
SyntheticClustered,GrassmannHRD,2,5,242,0.614352,113.554525,41,0.103
SyntheticClustered,GrassmannHRD,2,5,243,0.162907,113.717433,41,0.103
SyntheticClustered,GrassmannHRD,2,5,244,0.084532,113.801964,41,0.103
SyntheticClustered,GrassmannHRD,2,5,245,0.261455,114.063419,41,0.104
SyntheticClustered,GrassmannHRD,2,5,246,0.152754,114.216173,41,0.104
SyntheticClustered,GrassmannHRD,2,5,247,0.499066,114.715239,41,0.104
SyntheticClustered,GrassmannHRD,2,5,248,0.910331,115.625570,41,0.105
SyntheticClustered,GrassmannHRD,2,5,249,0.352652,115.978223,41,0.105
SyntheticClustered,GrassmannHRD,2,5,250,0.074935,116.053157,41,0.106
SyntheticClustered,GrassmannHRD,2,5,251,0.602725,116.655882,41,0.106
SyntheticClustered,GrassmannHRD,2,5,252,0.458602,117.114485,41,0.106
SyntheticClustered,GrassmannHRD,2,5,253,0.377472,117.491956,41,0.107
SyntheticClustered,GrassmannHRD,2,5,254,0.754211,118.246167,41,0.107
SyntheticClustered,GrassmannHRD,2,5,255,0.370991,118.617159,41,0.108
SyntheticClustered,GrassmannHRD,2,5,256,0.266074,118.883233,41,0.109
SyntheticClustered,GrassmannHRD,2,5,257,0.628397,119.511629,41,0.109
SyntheticClustered,GrassmannHRD,2,5,258,0.517957,120.029587,41,0.110
SyntheticClustered,GrassmannHRD,2,5,259,0.090123,120.119710,41,0.110
SyntheticClustered,GrassmannHRD,2,5,260,0.096109,120.215819,41,0.111
SyntheticClustered,GrassmannHRD,2,5,261,0.309362,120.525182,41,0.111
SyntheticClustered,GrassmannHRD,2,5,262,0.426753,120.951934,41,0.112
SyntheticClustered,GrassmannHRD,2,5,263,0.905638,121.857573,41,0.113
SyntheticClustered,GrassmannHRD,2,5,264,0.488286,122.345859,41,0.113
SyntheticClustered,GrassmannHRD,2,5,265,0.154727,122.500585,42,0.116
SyntheticClustered,GrassmannHRD,2,5,266,0.475156,122.975742,42,0.117
SyntheticClustered,GrassmannHRD,2,5,267,0.529734,123.505475,42,0.117
SyntheticClustered,GrassmannHRD,2,5,268,0.146655,123.652131,42,0.118
SyntheticClustered,GrassmannHRD,2,5,269,0.868650,124.520781,42,0.119
SyntheticClustered,GrassmannHRD,2,5,270,0.475793,124.996574,42,0.119
SyntheticClustered,GrassmannHRD,2,5,271,0.143237,125.139811,42,0.120
SyntheticClustered,GrassmannHRD,2,5,272,0.476290,125.616101,42,0.121
SyntheticClustered,GrassmannHRD,2,5,273,0.123327,125.739428,42,0.121
SyntheticClustered,GrassmannHRD,2,5,274,0.324630,126.064058,42,0.122
SyntheticClustered,GrassmannHRD,2,5,275,0.939471,127.003529,42,0.123
SyntheticClustered,GrassmannHRD,2,5,276,0.340900,127.344429,42,0.123
SyntheticClustered,GrassmannHRD,2,5,277,0.253641,127.598069,42,0.124
SyntheticClustered,GrassmannHRD,2,5,278,0.455513,128.053582,42,0.125
SyntheticClustered,GrassmannHRD,2,5,279,0.865009,128.918591,42,0.125
SyntheticClustered,GrassmannHRD,2,5,280,0.314765,129.233357,42,0.125
SyntheticClustered,GrassmannHRD,2,5,281,0.795019,130.028375,42,0.126
SyntheticClustered,GrassmannHRD,2,5,282,0.648587,130.676963,42,0.126
SyntheticClustered,GrassmannHRD,2,5,283,0.255750,130.932712,42,0.126
SyntheticClustered,GrassmannHRD,2,5,284,0.672214,131.604927,42,0.126
SyntheticClustered,GrassmannHRD,2,5,285,0.382848,131.987775,42,0.127
SyntheticClustered,GrassmannHRD,2,5,286,0.512746,132.500520,42,0.127
SyntheticClustered,GrassmannHRD,2,5,287,0.425962,132.926483,42,0.127
SyntheticClustered,GrassmannHRD,2,5,288,0.825602,133.752084,42,0.128
SyntheticClustered,GrassmannHRD,2,5,289,0.263006,134.015090,42,0.128
SyntheticClustered,GrassmannHRD,2,5,290,0.560660,134.575750,42,0.128
SyntheticClustered,GrassmannHRD,2,5,291,0.647175,135.222925,42,0.129
SyntheticClustered,GrassmannHRD,2,5,292,0.255744,135.478670,42,0.129
SyntheticClustered,GrassmannHRD,2,5,293,0.528372,136.007041,42,0.129
SyntheticClustered,GrassmannHRD,2,5,294,0.323657,136.330698,42,0.130
SyntheticClustered,GrassmannHRD,2,5,295,0.140423,136.471121,42,0.130
SyntheticClustered,GrassmannHRD,2,5,296,0.954187,137.425308,42,0.130
SyntheticClustered,GrassmannHRD,2,5,297,0.406632,137.831940,42,0.130
SyntheticClustered,GrassmannHRD,2,5,298,0.241743,138.073683,42,0.131
SyntheticClustered,GrassmannHRD,2,5,299,0.706765,138.780448,42,0.131
SyntheticClustered,GrassmannHRD,2,5,300,0.325736,139.106184,42,0.132
SyntheticClustered,GrassmannHRD,2,5,301,0.117989,139.224173,42,0.132
SyntheticClustered,GrassmannHRD,2,5,302,0.224921,139.449094,42,0.133
SyntheticClustered,GrassmannHRD,2,5,303,0.543644,139.992738,42,0.133
SyntheticClustered,GrassmannHRD,2,5,304,0.175474,140.168212,42,0.134
SyntheticClustered,GrassmannHRD,2,5,305,0.473133,140.641344,45,0.137
SyntheticClustered,GrassmannHRD,2,5,306,0.181307,140.822652,45,0.137
SyntheticClustered,GrassmannHRD,2,5,307,0.059010,140.881662,45,0.137
SyntheticClustered,GrassmannHRD,2,5,308,0.826109,141.707771,45,0.138
SyntheticClustered,GrassmannHRD,2,5,309,0.254525,141.962296,45,0.138
SyntheticClustered,GrassmannHRD,2,5,310,0.059013,142.021309,45,0.139
SyntheticClustered,GrassmannHRD,2,5,311,0.743785,142.765094,45,0.139
SyntheticClustered,GrassmannHRD,2,5,312,0.562302,143.327396,45,0.140
SyntheticClustered,GrassmannHRD,2,5,313,0.274509,143.601905,45,0.141
SyntheticClustered,GrassmannHRD,2,5,314,0.798608,144.400512,45,0.141
SyntheticClustered,GrassmannHRD,2,5,315,0.164533,144.565045,45,0.141
SyntheticClustered,GrassmannHRD,2,5,316,0.299565,144.864610,45,0.142
SyntheticClustered,GrassmannHRD,2,5,317,0.544366,145.408976,45,0.142
SyntheticClustered,GrassmannHRD,2,5,318,0.337812,145.746789,45,0.142
SyntheticClustered,GrassmannHRD,2,5,319,0.112142,145.858931,45,0.143
SyntheticClustered,GrassmannHRD,2,5,320,0.729378,146.588308,45,0.143
SyntheticClustered,GrassmannHRD,2,5,321,0.392847,146.981155,45,0.143
SyntheticClustered,GrassmannHRD,2,5,322,0.353557,147.334712,45,0.144
SyntheticClustered,GrassmannHRD,2,5,323,0.825918,148.160630,45,0.144
SyntheticClustered,GrassmannHRD,2,5,324,0.151911,148.312542,45,0.144
SyntheticClustered,GrassmannHRD,2,5,325,0.222850,148.535392,45,0.145
SyntheticClustered,GrassmannHRD,2,5,326,0.677256,149.212648,45,0.146
SyntheticClustered,GrassmannHRD,2,5,327,0.522055,149.734703,45,0.146
SyntheticClustered,GrassmannHRD,2,5,328,0.145042,149.879745,45,0.146
SyntheticClustered,GrassmannHRD,2,5,329,0.442864,150.322609,45,0.147
SyntheticClustered,GrassmannHRD,2,5,330,0.265360,150.587970,45,0.147
SyntheticClustered,GrassmannHRD,2,5,331,0.047312,150.635282,45,0.148
SyntheticClustered,GrassmannHRD,2,5,332,0.684286,151.319567,45,0.148
SyntheticClustered,GrassmannHRD,2,5,333,0.181603,151.501170,45,0.148
SyntheticClustered,GrassmannHRD,2,5,334,0.033456,151.534626,45,0.148
SyntheticClustered,GrassmannHRD,2,5,335,0.780555,152.315181,45,0.149
SyntheticClustered,GrassmannHRD,2,5,336,0.498761,152.813942,45,0.149
SyntheticClustered,GrassmannHRD,2,5,337,0.242563,153.056504,45,0.149
SyntheticClustered,GrassmannHRD,2,5,338,0.468908,153.525412,45,0.150
SyntheticClustered,GrassmannHRD,2,5,339,0.106341,153.631753,45,0.150
SyntheticClustered,GrassmannHRD,2,5,340,0.154037,153.785790,45,0.150
SyntheticClustered,GrassmannHRD,2,5,341,0.629199,154.414990,45,0.151
SyntheticClustered,GrassmannHRD,2,5,342,0.114152,154.529141,46,0.152
SyntheticClustered,GrassmannHRD,2,5,343,0.220832,154.749973,46,0.152
SyntheticClustered,GrassmannHRD,2,5,344,0.214300,154.964273,46,0.152
SyntheticClustered,GrassmannHRD,2,5,345,0.667619,155.631892,47,0.154
SyntheticClustered,GrassmannHRD,2,5,346,0.058902,155.690794,47,0.154
SyntheticClustered,GrassmannHRD,2,5,347,0.511382,156.202176,47,0.154
SyntheticClustered,GrassmannHRD,2,5,348,0.742162,156.944338,47,0.155
SyntheticClustered,GrassmannHRD,2,5,349,0.118447,157.062785,47,0.155
SyntheticClustered,GrassmannHRD,2,5,350,0.406428,157.469213,47,0.156
SyntheticClustered,GrassmannHRD,2,5,351,0.567978,158.037191,47,0.156
SyntheticClustered,GrassmannHRD,2,5,352,0.345446,158.382637,47,0.156
SyntheticClustered,GrassmannHRD,2,5,353,0.430904,158.813541,47,0.157
SyntheticClustered,GrassmannHRD,2,5,354,0.585391,159.398931,47,0.157
SyntheticClustered,GrassmannHRD,2,5,355,0.081466,159.480398,47,0.157
SyntheticClustered,GrassmannHRD,2,5,356,0.623962,160.104360,47,0.158
SyntheticClustered,GrassmannHRD,2,5,357,0.263984,160.368344,47,0.158
SyntheticClustered,GrassmannHRD,2,5,358,0.026790,160.395133,48,0.160
SyntheticClustered,GrassmannHRD,2,5,359,0.967188,161.362321,48,0.160
SyntheticClustered,GrassmannHRD,2,5,360,0.423007,161.785328,48,0.160
SyntheticClustered,GrassmannHRD,2,5,361,0.104662,161.889989,48,0.161
SyntheticClustered,GrassmannHRD,2,5,362,0.533953,162.423943,48,0.161
SyntheticClustered,GrassmannHRD,2,5,363,0.309812,162.733755,48,0.162
SyntheticClustered,GrassmannHRD,2,5,364,0.244480,162.978235,48,0.162
SyntheticClustered,GrassmannHRD,2,5,365,0.794093,163.772328,48,0.162
SyntheticClustered,GrassmannHRD,2,5,366,0.076373,163.848701,48,0.163
SyntheticClustered,GrassmannHRD,2,5,367,0.068651,163.917353,48,0.163
SyntheticClustered,GrassmannHRD,2,5,368,0.914642,164.831994,48,0.163
SyntheticClustered,GrassmannHRD,2,5,369,0.250362,165.082356,48,0.164
SyntheticClustered,GrassmannHRD,2,5,370,0.056540,165.138896,48,0.164
SyntheticClustered,GrassmannHRD,2,5,371,0.416227,165.555124,48,0.164
SyntheticClustered,GrassmannHRD,2,5,372,0.425020,165.980143,48,0.165
SyntheticClustered,GrassmannHRD,2,5,373,0.457737,166.437881,49,0.166
SyntheticClustered,GrassmannHRD,2,5,374,0.114689,166.552569,50,0.167
SyntheticClustered,GrassmannHRD,2,5,375,0.363490,166.916060,50,0.168
SyntheticClustered,GrassmannHRD,2,5,376,0.062199,166.978259,50,0.168
SyntheticClustered,GrassmannHRD,2,5,377,0.587644,167.565904,50,0.168
SyntheticClustered,GrassmannHRD,2,5,378,0.146805,167.712708,50,0.169
SyntheticClustered,GrassmannHRD,2,5,379,0.344245,168.056953,50,0.169
SyntheticClustered,GrassmannHRD,2,5,380,0.778190,168.835143,50,0.169
SyntheticClustered,GrassmannHRD,2,5,381,0.535542,169.370685,50,0.170
SyntheticClustered,GrassmannHRD,2,5,382,0.142998,169.513683,50,0.170
SyntheticClustered,GrassmannHRD,2,5,383,0.963663,170.477346,50,0.171
SyntheticClustered,GrassmannHRD,2,5,384,0.376265,170.853611,50,0.171
SyntheticClustered,GrassmannHRD,2,5,385,0.245508,171.099119,50,0.171
SyntheticClustered,GrassmannHRD,2,5,386,0.575147,171.674266,50,0.172
SyntheticClustered,GrassmannHRD,2,5,387,0.391480,172.065746,51,0.174
SyntheticClustered,GrassmannHRD,2,5,388,0.158815,172.224561,51,0.174
SyntheticClustered,GrassmannHRD,2,5,389,0.603597,172.828158,51,0.174
SyntheticClustered,GrassmannHRD,2,5,390,0.220632,173.048791,51,0.175
SyntheticClustered,GrassmannHRD,2,5,391,0.188452,173.237242,51,0.175
SyntheticClustered,GrassmannHRD,2,5,392,0.616566,173.853809,51,0.176
SyntheticClustered,GrassmannHRD,2,5,393,0.185188,174.038997,51,0.176
SyntheticClustered,GrassmannHRD,2,5,394,0.234306,174.273303,51,0.176
SyntheticClustered,GrassmannHRD,2,5,395,0.692845,174.966148,51,0.177
SyntheticClustered,GrassmannHRD,2,5,396,0.203055,175.169203,51,0.177
SyntheticClustered,GrassmannHRD,2,5,397,0.072518,175.241721,51,0.178
SyntheticClustered,GrassmannHRD,2,5,398,0.583749,175.825470,51,0.179
SyntheticClustered,GrassmannHRD,2,5,399,0.726825,176.552295,51,0.179
SyntheticClustered,GrassmannHRD,2,5,400,0.147046,176.699342,51,0.180
SyntheticClustered,GrassmannHRD,2,5,401,0.702524,177.401865,51,0.180
SyntheticClustered,GrassmannHRD,2,5,402,0.415335,177.817200,51,0.181
SyntheticClustered,GrassmannHRD,2,5,403,0.164207,177.981407,51,0.181
SyntheticClustered,GrassmannHRD,2,5,404,0.298281,178.279688,51,0.181
SyntheticClustered,GrassmannHRD,2,5,405,0.475281,178.754969,51,0.182
SyntheticClustered,GrassmannHRD,2,5,406,0.110198,178.865167,51,0.182
SyntheticClustered,GrassmannHRD,2,5,407,0.733926,179.599092,51,0.182
SyntheticClustered,GrassmannHRD,2,5,408,0.353645,179.952737,51,0.183
SyntheticClustered,GrassmannHRD,2,5,409,0.119042,180.071779,51,0.183
SyntheticClustered,GrassmannHRD,2,5,410,0.732453,180.804232,51,0.183
SyntheticClustered,GrassmannHRD,2,5,411,0.260254,181.064487,51,0.184
SyntheticClustered,GrassmannHRD,2,5,412,0.206337,181.270823,52,0.185
SyntheticClustered,GrassmannHRD,2,5,413,0.475465,181.746288,52,0.185
SyntheticClustered,GrassmannHRD,2,5,414,0.165884,181.912172,52,0.186
SyntheticClustered,GrassmannHRD,2,5,415,0.160241,182.072413,52,0.186
SyntheticClustered,GrassmannHRD,2,5,416,0.101681,182.174094,52,0.187
SyntheticClustered,GrassmannHRD,2,5,417,0.143200,182.317294,52,0.187
SyntheticClustered,GrassmannHRD,2,5,418,0.139384,182.456678,52,0.187
SyntheticClustered,GrassmannHRD,2,5,419,0.563968,183.020646,52,0.188
SyntheticClustered,GrassmannHRD,2,5,420,0.214104,183.234750,52,0.188
SyntheticClustered,GrassmannHRD,2,5,421,0.208368,183.443118,52,0.188
SyntheticClustered,GrassmannHRD,2,5,422,0.487206,183.930324,52,0.189
SyntheticClustered,GrassmannHRD,2,5,423,0.759412,184.689736,52,0.189
SyntheticClustered,GrassmannHRD,2,5,424,0.082590,184.772326,52,0.189
SyntheticClustered,GrassmannHRD,2,5,425,0.797812,185.570138,52,0.190
SyntheticClustered,GrassmannHRD,2,5,426,0.119627,185.689765,52,0.190
SyntheticClustered,GrassmannHRD,2,5,427,0.171257,185.861022,52,0.191
SyntheticClustered,GrassmannHRD,2,5,428,0.717526,186.578548,52,0.191
SyntheticClustered,GrassmannHRD,2,5,429,0.209767,186.788315,52,0.191
SyntheticClustered,GrassmannHRD,2,5,430,0.509396,187.297711,52,0.192
SyntheticClustered,GrassmannHRD,2,5,431,0.411366,187.709077,52,0.192
SyntheticClustered,GrassmannHRD,2,5,432,0.360404,188.069481,52,0.192
SyntheticClustered,GrassmannHRD,2,5,433,0.733292,188.802773,52,0.193
SyntheticClustered,GrassmannHRD,2,5,434,0.792423,189.595196,52,0.193
SyntheticClustered,GrassmannHRD,2,5,435,0.175615,189.770811,52,0.193
SyntheticClustered,GrassmannHRD,2,5,436,0.015435,189.786246,52,0.194
SyntheticClustered,GrassmannHRD,2,5,437,0.670867,190.457113,52,0.194
SyntheticClustered,GrassmannHRD,2,5,438,0.182938,190.640051,52,0.195
SyntheticClustered,GrassmannHRD,2,5,439,0.476922,191.116972,53,0.196
SyntheticClustered,GrassmannHRD,2,5,440,0.767233,191.884206,53,0.197
SyntheticClustered,GrassmannHRD,2,5,441,0.161169,192.045375,53,0.197
SyntheticClustered,GrassmannHRD,2,5,442,0.365413,192.410788,53,0.197
SyntheticClustered,GrassmannHRD,2,5,443,0.802008,193.212796,53,0.198
SyntheticClustered,GrassmannHRD,2,5,444,0.123691,193.336487,53,0.198
SyntheticClustered,GrassmannHRD,2,5,445,0.527051,193.863538,53,0.199
SyntheticClustered,GrassmannHRD,2,5,446,0.656999,194.520537,53,0.199
SyntheticClustered,GrassmannHRD,2,5,447,0.431127,194.951664,53,0.199
SyntheticClustered,GrassmannHRD,2,5,448,0.085545,195.037209,53,0.200
SyntheticClustered,GrassmannHRD,2,5,449,0.884216,195.921425,53,0.200
SyntheticClustered,GrassmannHRD,2,5,450,0.505722,196.427147,53,0.201
SyntheticClustered,GrassmannHRD,2,5,451,0.056207,196.483353,53,0.201
SyntheticClustered,GrassmannHRD,2,5,452,0.664385,197.147739,53,0.202
SyntheticClustered,GrassmannHRD,2,5,453,0.253106,197.400844,53,0.202
SyntheticClustered,GrassmannHRD,2,5,454,0.383830,197.784675,53,0.203
SyntheticClustered,GrassmannHRD,2,5,455,0.439775,198.224450,53,0.203
SyntheticClustered,GrassmannHRD,2,5,456,0.890619,199.115069,53,0.203
SyntheticClustered,GrassmannHRD,2,5,457,0.411214,199.526283,54,0.205
SyntheticClustered,GrassmannHRD,2,5,458,0.734435,200.260718,54,0.205
SyntheticClustered,GrassmannHRD,2,5,459,0.323795,200.584512,54,0.205
SyntheticClustered,GrassmannHRD,2,5,460,0.324357,200.908869,54,0.206
SyntheticClustered,GrassmannHRD,2,5,461,0.893344,201.802213,54,0.206
SyntheticClustered,GrassmannHRD,2,5,462,0.104155,201.906368,54,0.206
SyntheticClustered,GrassmannHRD,2,5,463,0.029671,201.936039,54,0.207
SyntheticClustered,GrassmannHRD,2,5,464,0.630198,202.566237,54,0.207
SyntheticClustered,GrassmannHRD,2,5,465,0.459034,203.025271,54,0.207
SyntheticClustered,GrassmannHRD,2,5,466,0.193336,203.218607,54,0.208
SyntheticClustered,GrassmannHRD,2,5,467,0.720702,203.939309,54,0.208
SyntheticClustered,GrassmannHRD,2,5,468,0.442193,204.381502,54,0.209
SyntheticClustered,GrassmannHRD,2,5,469,0.795603,205.177104,54,0.209
SyntheticClustered,GrassmannHRD,2,5,470,0.241242,205.418346,54,0.209
SyntheticClustered,GrassmannHRD,2,5,471,0.288963,205.707309,54,0.210
SyntheticClustered,GrassmannHRD,2,5,472,0.022946,205.730255,54,0.210
SyntheticClustered,GrassmannHRD,2,5,473,0.406370,206.136625,54,0.210
SyntheticClustered,GrassmannHRD,2,5,474,0.117912,206.254537,54,0.211
SyntheticClustered,GrassmannHRD,2,5,475,0.113057,206.367595,54,0.211
SyntheticClustered,GrassmannHRD,2,5,476,0.582725,206.950319,54,0.212
SyntheticClustered,GrassmannHRD,2,5,477,0.406480,207.356799,54,0.212
SyntheticClustered,GrassmannHRD,2,5,478,0.182251,207.539050,54,0.213
SyntheticClustered,GrassmannHRD,2,5,479,0.181145,207.720196,54,0.213
SyntheticClustered,GrassmannHRD,2,5,480,0.324652,208.044848,54,0.213
SyntheticClustered,GrassmannHRD,2,5,481,0.080783,208.125631,54,0.214
SyntheticClustered,GrassmannHRD,2,5,482,0.297987,208.423618,54,0.214
SyntheticClustered,GrassmannHRD,2,5,483,0.305290,208.728907,54,0.215
SyntheticClustered,GrassmannHRD,2,5,484,0.049716,208.778624,54,0.215
SyntheticClustered,GrassmannHRD,2,5,485,0.586719,209.365343,54,0.216
SyntheticClustered,GrassmannHRD,2,5,486,0.215662,209.581005,54,0.216
SyntheticClustered,GrassmannHRD,2,5,487,0.068629,209.649634,54,0.217
SyntheticClustered,GrassmannHRD,2,5,488,0.752153,210.401786,54,0.217
SyntheticClustered,GrassmannHRD,2,5,489,0.060128,210.461914,54,0.217
SyntheticClustered,GrassmannHRD,2,5,490,0.061986,210.523900,54,0.218
SyntheticClustered,GrassmannHRD,2,5,491,0.864365,211.388265,54,0.218
SyntheticClustered,GrassmannHRD,2,5,492,0.064947,211.453212,54,0.219
SyntheticClustered,GrassmannHRD,2,5,493,0.228933,211.682145,54,0.219
SyntheticClustered,GrassmannHRD,2,5,494,0.808357,212.490502,54,0.219
SyntheticClustered,GrassmannHRD,2,5,495,0.073727,212.564229,54,0.220
SyntheticClustered,GrassmannHRD,2,5,496,0.799568,213.363797,54,0.220
SyntheticClustered,GrassmannHRD,2,5,497,0.519218,213.883015,54,0.220
SyntheticClustered,GrassmannHRD,2,5,498,0.638896,214.521910,54,0.221
SyntheticClustered,GrassmannHRD,2,5,499,0.153340,214.675250,54,0.221
SyntheticClustered,GrassmannHRD,2,5,500,0.931281,215.606531,54,0.222
SyntheticClustered,GrassmannHRD,2,5,501,0.970808,216.577339,54,0.222
SyntheticClustered,GrassmannHRD,2,5,502,0.265923,216.843262,54,0.223
SyntheticClustered,GrassmannHRD,2,5,503,0.510172,217.353434,54,0.223
SyntheticClustered,GrassmannHRD,2,5,504,0.338244,217.691678,54,0.224
SyntheticClustered,GrassmannHRD,2,5,505,0.200381,217.892059,54,0.224
SyntheticClustered,GrassmannHRD,2,5,506,0.608342,218.500401,54,0.224
SyntheticClustered,GrassmannHRD,2,5,507,0.182487,218.682888,54,0.225
SyntheticClustered,GrassmannHRD,2,5,508,0.341292,219.024180,54,0.225
SyntheticClustered,GrassmannHRD,2,5,509,0.699061,219.723240,54,0.225
SyntheticClustered,GrassmannHRD,2,5,510,0.265387,219.988627,54,0.226
SyntheticClustered,GrassmannHRD,2,5,511,0.706745,220.695372,54,0.226
SyntheticClustered,GrassmannHRD,2,5,512,0.623565,221.318937,54,0.226
SyntheticClustered,GrassmannHRD,2,5,513,0.374313,221.693250,54,0.227
SyntheticClustered,GrassmannHRD,2,5,514,0.204655,221.897905,54,0.227
SyntheticClustered,GrassmannHRD,2,5,515,0.891031,222.788936,54,0.228
SyntheticClustered,GrassmannHRD,2,5,516,0.573584,223.362520,54,0.228
SyntheticClustered,GrassmannHRD,2,5,517,0.036250,223.398771,55,0.229
SyntheticClustered,GrassmannHRD,2,5,518,0.935193,224.333963,55,0.230
SyntheticClustered,GrassmannHRD,2,5,519,0.290425,224.624388,55,0.230
SyntheticClustered,GrassmannHRD,2,5,520,0.159153,224.783541,55,0.230
SyntheticClustered,GrassmannHRD,2,5,521,0.840109,225.623650,55,0.231
SyntheticClustered,GrassmannHRD,2,5,522,0.583776,226.207427,55,0.231
SyntheticClustered,GrassmannHRD,2,5,523,0.133174,226.340601,57,0.233
SyntheticClustered,GrassmannHRD,2,5,524,0.575859,226.916459,57,0.234
SyntheticClustered,GrassmannHRD,2,5,525,0.147420,227.063879,57,0.234
SyntheticClustered,GrassmannHRD,2,5,526,0.071603,227.135482,57,0.235
SyntheticClustered,GrassmannHRD,2,5,527,0.677171,227.812653,57,0.236
SyntheticClustered,GrassmannHRD,2,5,528,0.222799,228.035452,57,0.236
SyntheticClustered,GrassmannHRD,2,5,529,0.135335,228.170787,57,0.236
SyntheticClustered,GrassmannHRD,2,5,530,0.665186,228.835973,57,0.237
SyntheticClustered,GrassmannHRD,2,5,531,0.648106,229.484079,57,0.237
SyntheticClustered,GrassmannHRD,2,5,532,0.291033,229.775112,57,0.238
SyntheticClustered,GrassmannHRD,2,5,533,0.537373,230.312485,57,0.238
SyntheticClustered,GrassmannHRD,2,5,534,0.164837,230.477323,58,0.240
SyntheticClustered,GrassmannHRD,2,5,535,0.154863,230.632186,59,0.241
SyntheticClustered,GrassmannHRD,2,5,536,0.650162,231.282348,59,0.241
SyntheticClustered,GrassmannHRD,2,5,537,0.162762,231.445110,59,0.242
SyntheticClustered,GrassmannHRD,2,5,538,0.402735,231.847845,59,0.242
SyntheticClustered,GrassmannHRD,2,5,539,0.410479,232.258324,59,0.242
SyntheticClustered,GrassmannHRD,2,5,540,0.335740,232.594064,59,0.243
SyntheticClustered,GrassmannHRD,2,5,541,0.328513,232.922577,59,0.243
SyntheticClustered,GrassmannHRD,2,5,542,0.899993,233.822569,59,0.243
SyntheticClustered,GrassmannHRD,2,5,543,0.125559,233.948129,59,0.244
SyntheticClustered,GrassmannHRD,2,5,544,0.456052,234.404180,59,0.244
SyntheticClustered,GrassmannHRD,2,5,545,0.107523,234.511703,59,0.244
SyntheticClustered,GrassmannHRD,2,5,546,0.477262,234.988965,59,0.245
SyntheticClustered,GrassmannHRD,2,5,547,0.365039,235.354004,60,0.246
SyntheticClustered,GrassmannHRD,2,5,548,0.745749,236.099753,60,0.246
SyntheticClustered,GrassmannHRD,2,5,549,0.117757,236.217510,60,0.247
SyntheticClustered,GrassmannHRD,2,5,550,0.174616,236.392126,60,0.247
SyntheticClustered,GrassmannHRD,2,5,551,0.515232,236.907358,60,0.248
SyntheticClustered,GrassmannHRD,2,5,552,0.466415,237.373773,60,0.248
SyntheticClustered,GrassmannHRD,2,5,553,0.214941,237.588714,60,0.249
SyntheticClustered,GrassmannHRD,2,5,554,0.546772,238.135486,60,0.249
SyntheticClustered,GrassmannHRD,2,5,555,0.166350,238.301836,60,0.249
SyntheticClustered,GrassmannHRD,2,5,556,0.277401,238.579236,60,0.250
SyntheticClustered,GrassmannHRD,2,5,557,0.711189,239.290426,60,0.250
SyntheticClustered,GrassmannHRD,2,5,558,0.736538,240.026964,60,0.251
SyntheticClustered,GrassmannHRD,2,5,559,0.069343,240.096307,60,0.251
SyntheticClustered,GrassmannHRD,2,5,560,0.742157,240.838464,60,0.252
SyntheticClustered,GrassmannHRD,2,5,561,0.181396,241.019860,60,0.252
SyntheticClustered,GrassmannHRD,2,5,562,0.384920,241.404780,60,0.253
SyntheticClustered,GrassmannHRD,2,5,563,0.546603,241.951383,60,0.253
SyntheticClustered,GrassmannHRD,2,5,564,0.431756,242.383139,60,0.253
SyntheticClustered,GrassmannHRD,2,5,565,0.201897,242.585036,60,0.254
SyntheticClustered,GrassmannHRD,2,5,566,0.783462,243.368498,60,0.254
SyntheticClustered,GrassmannHRD,2,5,567,0.562178,243.930676,60,0.255
SyntheticClustered,GrassmannHRD,2,5,568,0.398705,244.329381,60,0.255
SyntheticClustered,GrassmannHRD,2,5,569,0.982927,245.312308,60,0.255
SyntheticClustered,GrassmannHRD,2,5,570,0.381653,245.693961,60,0.256
SyntheticClustered,GrassmannHRD,2,5,571,0.181240,245.875200,60,0.256
SyntheticClustered,GrassmannHRD,2,5,572,0.858633,246.733833,60,0.256
SyntheticClustered,GrassmannHRD,2,5,573,0.505893,247.239726,60,0.257
SyntheticClustered,GrassmannHRD,2,5,574,0.141367,247.381093,60,0.257
SyntheticClustered,GrassmannHRD,2,5,575,0.708658,248.089751,60,0.258
SyntheticClustered,GrassmannHRD,2,5,576,0.240547,248.330298,60,0.258
SyntheticClustered,GrassmannHRD,2,5,577,0.046986,248.377284,60,0.258
SyntheticClustered,GrassmannHRD,2,5,578,0.299701,248.676985,60,0.259
SyntheticClustered,GrassmannHRD,2,5,579,0.782274,249.459259,60,0.259
SyntheticClustered,GrassmannHRD,2,5,580,0.735484,250.194743,60,0.259
SyntheticClustered,GrassmannHRD,2,5,581,0.673800,250.868544,60,0.260
SyntheticClustered,GrassmannHRD,2,5,582,0.485612,251.354156,60,0.260
SyntheticClustered,GrassmannHRD,2,5,583,0.176623,251.530779,61,0.262
SyntheticClustered,GrassmannHRD,2,5,584,0.836830,252.367609,61,0.262
SyntheticClustered,GrassmannHRD,2,5,585,0.552292,252.919901,61,0.262
SyntheticClustered,GrassmannHRD,2,5,586,0.178338,253.098238,61,0.263
SyntheticClustered,GrassmannHRD,2,5,587,0.810815,253.909053,61,0.264
SyntheticClustered,GrassmannHRD,2,5,588,0.439780,254.348834,61,0.264
SyntheticClustered,GrassmannHRD,2,5,589,0.028361,254.377195,61,0.265
SyntheticClustered,GrassmannHRD,2,5,590,0.852720,255.229915,61,0.265
SyntheticClustered,GrassmannHRD,2,5,591,0.209358,255.439273,61,0.266
SyntheticClustered,GrassmannHRD,2,5,592,0.382557,255.821830,61,0.266
SyntheticClustered,GrassmannHRD,2,5,593,0.807503,256.629333,61,0.267
SyntheticClustered,GrassmannHRD,2,5,594,0.417167,257.046500,61,0.267
SyntheticClustered,GrassmannHRD,2,5,595,0.547541,257.594040,61,0.268
SyntheticClustered,GrassmannHRD,2,5,596,0.827691,258.421732,61,0.268
SyntheticClustered,GrassmannHRD,2,5,597,0.504006,258.925737,61,0.268
SyntheticClustered,GrassmannHRD,2,5,598,0.146519,259.072256,61,0.269
SyntheticClustered,GrassmannHRD,2,5,599,0.248850,259.321107,61,0.269
SyntheticClustered,GrassmannHRD,2,5,600,0.190609,259.511715,61,0.270
SyntheticClustered,GrassmannHRD,2,5,601,0.076106,259.587821,61,0.271
SyntheticClustered,GrassmannHRD,2,5,602,0.362764,259.950585,61,0.271
SyntheticClustered,GrassmannHRD,2,5,603,0.501665,260.452250,61,0.272
SyntheticClustered,GrassmannHRD,2,5,604,0.166799,260.619049,61,0.272
SyntheticClustered,GrassmannHRD,2,5,605,0.325936,260.944984,61,0.272
SyntheticClustered,GrassmannHRD,2,5,606,0.470472,261.415457,61,0.273
SyntheticClustered,GrassmannHRD,2,5,607,0.322479,261.737936,62,0.274
SyntheticClustered,GrassmannHRD,2,5,608,0.716546,262.454482,62,0.274
SyntheticClustered,GrassmannHRD,2,5,609,0.379504,262.833986,62,0.275
SyntheticClustered,GrassmannHRD,2,5,610,0.293544,263.127530,62,0.275
SyntheticClustered,GrassmannHRD,2,5,611,0.485053,263.612583,62,0.275
SyntheticClustered,GrassmannHRD,2,5,612,0.334943,263.947526,62,0.276
SyntheticClustered,GrassmannHRD,2,5,613,0.049165,263.996691,62,0.276
SyntheticClustered,GrassmannHRD,2,5,614,0.426659,264.423350,62,0.277
SyntheticClustered,GrassmannHRD,2,5,615,0.081400,264.504750,62,0.277
SyntheticClustered,GrassmannHRD,2,5,616,0.239249,264.743999,62,0.277
SyntheticClustered,GrassmannHRD,2,5,617,0.912366,265.656365,62,0.278
SyntheticClustered,GrassmannHRD,2,5,618,0.443246,266.099611,62,0.278
SyntheticClustered,GrassmannHRD,2,5,619,0.328378,266.427989,62,0.279
SyntheticClustered,GrassmannHRD,2,5,620,0.502707,266.930695,63,0.280
SyntheticClustered,GrassmannHRD,2,5,621,0.292497,267.223193,63,0.280
SyntheticClustered,GrassmannHRD,2,5,622,0.095996,267.319189,63,0.281
SyntheticClustered,GrassmannHRD,2,5,623,0.403305,267.722494,63,0.281
SyntheticClustered,GrassmannHRD,2,5,624,0.742910,268.465403,63,0.282
SyntheticClustered,GrassmannHRD,2,5,625,0.260880,268.726284,63,0.283
SyntheticClustered,GrassmannHRD,2,5,626,0.738640,269.464924,63,0.283
SyntheticClustered,GrassmannHRD,2,5,627,0.103160,269.568083,63,0.284
SyntheticClustered,GrassmannHRD,2,5,628,0.202637,269.770720,63,0.284
SyntheticClustered,GrassmannHRD,2,5,629,0.800488,270.571209,63,0.285
SyntheticClustered,GrassmannHRD,2,5,630,0.219380,270.790589,63,0.285
SyntheticClustered,GrassmannHRD,2,5,631,0.192295,270.982884,63,0.286
SyntheticClustered,GrassmannHRD,2,5,632,0.773709,271.756593,63,0.287
SyntheticClustered,GrassmannHRD,2,5,633,0.138137,271.894731,63,0.287
SyntheticClustered,GrassmannHRD,2,5,634,0.080878,271.975608,63,0.287
SyntheticClustered,GrassmannHRD,2,5,635,0.677824,272.653432,63,0.288
SyntheticClustered,GrassmannHRD,2,5,636,0.171643,272.825075,63,0.288
SyntheticClustered,GrassmannHRD,2,5,637,0.136851,272.961926,63,0.289
SyntheticClustered,GrassmannHRD,2,5,638,0.848039,273.809966,63,0.289
SyntheticClustered,GrassmannHRD,2,5,639,0.156073,273.966039,63,0.289
SyntheticClustered,GrassmannHRD,2,5,640,0.395547,274.361586,63,0.290
SyntheticClustered,GrassmannHRD,2,5,641,0.207841,274.569427,63,0.291
SyntheticClustered,GrassmannHRD,2,5,642,0.166580,274.736007,63,0.291
SyntheticClustered,GrassmannHRD,2,5,643,0.203579,274.939586,63,0.292
SyntheticClustered,GrassmannHRD,2,5,644,0.800458,275.740044,63,0.293
SyntheticClustered,GrassmannHRD,2,5,645,0.098919,275.838963,63,0.293
SyntheticClustered,GrassmannHRD,2,5,646,0.316903,276.155867,63,0.294
SyntheticClustered,GrassmannHRD,2,5,647,0.650710,276.806577,63,0.295
SyntheticClustered,GrassmannHRD,2,5,648,0.196938,277.003515,63,0.295
SyntheticClustered,GrassmannHRD,2,5,649,0.137847,277.141362,63,0.296
SyntheticClustered,GrassmannHRD,2,5,650,0.303359,277.444721,63,0.297
SyntheticClustered,GrassmannHRD,2,5,651,0.358103,277.802823,63,0.298
SyntheticClustered,GrassmannHRD,2,5,652,0.161063,277.963886,63,0.298
SyntheticClustered,GrassmannHRD,2,5,653,0.647687,278.611573,63,0.299
SyntheticClustered,GrassmannHRD,2,5,654,0.123161,278.734734,63,0.300
SyntheticClustered,GrassmannHRD,2,5,655,0.123707,278.858440,63,0.300
SyntheticClustered,GrassmannHRD,2,5,656,0.406244,279.264684,63,0.301
SyntheticClustered,GrassmannHRD,2,5,657,0.820818,280.085502,63,0.302
SyntheticClustered,GrassmannHRD,2,5,658,0.248005,280.333507,64,0.304
SyntheticClustered,GrassmannHRD,2,5,659,0.520155,280.853662,64,0.304
SyntheticClustered,GrassmannHRD,2,5,660,0.372905,281.226567,64,0.305
SyntheticClustered,GrassmannHRD,2,5,661,0.078743,281.305310,64,0.306
SyntheticClustered,GrassmannHRD,2,5,662,0.480709,281.786018,64,0.306
SyntheticClustered,GrassmannHRD,2,5,663,0.465176,282.251195,64,0.307
SyntheticClustered,GrassmannHRD,2,5,664,0.179620,282.430815,64,0.308
SyntheticClustered,GrassmannHRD,2,5,665,0.928080,283.358895,64,0.309
SyntheticClustered,GrassmannHRD,2,5,666,0.327899,283.686793,64,0.309
SyntheticClustered,GrassmannHRD,2,5,667,0.154677,283.841470,64,0.310
SyntheticClustered,GrassmannHRD,2,5,668,0.595900,284.437370,65,0.312
SyntheticClustered,GrassmannHRD,2,5,669,0.026819,284.464189,65,0.312
SyntheticClustered,GrassmannHRD,2,5,670,0.015517,284.479706,65,0.313
SyntheticClustered,GrassmannHRD,2,5,671,0.647571,285.127277,65,0.313
SyntheticClustered,GrassmannHRD,2,5,672,0.310373,285.437650,65,0.313
SyntheticClustered,GrassmannHRD,2,5,673,0.281018,285.718668,65,0.314
SyntheticClustered,GrassmannHRD,2,5,674,0.315970,286.034638,65,0.314
SyntheticClustered,GrassmannHRD,2,5,675,0.086916,286.121554,65,0.315
SyntheticClustered,GrassmannHRD,2,5,676,0.376695,286.498249,65,0.315
SyntheticClustered,GrassmannHRD,2,5,677,0.853182,287.351430,65,0.316
SyntheticClustered,GrassmannHRD,2,5,678,0.415051,287.766481,65,0.316
SyntheticClustered,GrassmannHRD,2,5,679,0.032011,287.798492,65,0.317
SyntheticClustered,GrassmannHRD,2,5,680,0.525613,288.324104,65,0.318
SyntheticClustered,GrassmannHRD,2,5,681,0.417353,288.741457,65,0.319
SyntheticClustered,GrassmannHRD,2,5,682,0.372497,289.113954,65,0.319
SyntheticClustered,GrassmannHRD,2,5,683,0.797122,289.911076,65,0.320
SyntheticClustered,GrassmannHRD,2,5,684,0.043025,289.954101,65,0.321
SyntheticClustered,GrassmannHRD,2,5,685,0.294903,290.249004,65,0.321
SyntheticClustered,GrassmannHRD,2,5,686,0.609191,290.858196,65,0.322
SyntheticClustered,GrassmannHRD,2,5,687,0.585311,291.443506,65,0.323
SyntheticClustered,GrassmannHRD,2,5,688,0.054334,291.497840,65,0.324
SyntheticClustered,GrassmannHRD,2,5,689,0.326530,291.824370,65,0.324
SyntheticClustered,GrassmannHRD,2,5,690,0.754556,292.578926,65,0.325
SyntheticClustered,GrassmannHRD,2,5,691,0.041928,292.620855,65,0.326
SyntheticClustered,GrassmannHRD,2,5,692,0.583672,293.204526,65,0.326
SyntheticClustered,GrassmannHRD,2,5,693,0.576000,293.780526,65,0.327
SyntheticClustered,GrassmannHRD,2,5,694,0.278589,294.059115,65,0.328
SyntheticClustered,GrassmannHRD,2,5,695,0.740062,294.799177,65,0.329
SyntheticClustered,GrassmannHRD,2,5,696,0.492491,295.291668,65,0.329
SyntheticClustered,GrassmannHRD,2,5,697,0.161279,295.452946,65,0.330
SyntheticClustered,GrassmannHRD,2,5,698,0.554827,296.007774,65,0.331
SyntheticClustered,GrassmannHRD,2,5,699,0.194550,296.202323,65,0.331
SyntheticClustered,GrassmannHRD,2,5,700,0.005886,296.208210,65,0.332
SyntheticClustered,GrassmannHRD,2,5,701,0.557561,296.765771,66,0.338
SyntheticClustered,GrassmannHRD,2,5,702,0.584489,297.350259,66,0.338
SyntheticClustered,GrassmannHRD,2,5,703,0.230412,297.580672,66,0.339
SyntheticClustered,GrassmannHRD,2,5,704,0.874217,298.454888,66,0.339
SyntheticClustered,GrassmannHRD,2,5,705,0.356684,298.811572,66,0.340
SyntheticClustered,GrassmannHRD,2,5,706,0.141592,298.953164,66,0.340
SyntheticClustered,GrassmannHRD,2,5,707,0.447401,299.400565,66,0.341
SyntheticClustered,GrassmannHRD,2,5,708,0.238370,299.638934,66,0.341
SyntheticClustered,GrassmannHRD,2,5,709,0.252585,299.891519,66,0.342
SyntheticClustered,GrassmannHRD,2,5,710,0.396112,300.287631,67,0.343
SyntheticClustered,GrassmannHRD,2,5,711,0.465821,300.753452,67,0.343
SyntheticClustered,GrassmannHRD,2,5,712,0.042446,300.795898,67,0.344
SyntheticClustered,GrassmannHRD,2,5,713,0.472523,301.268421,67,0.344
SyntheticClustered,GrassmannHRD,2,5,714,0.183381,301.451803,68,0.347
SyntheticClustered,GrassmannHRD,2,5,715,0.327399,301.779202,69,0.349
SyntheticClustered,GrassmannHRD,2,5,716,0.031628,301.810830,69,0.350
SyntheticClustered,GrassmannHRD,2,5,717,0.941063,302.751893,69,0.350
SyntheticClustered,GrassmannHRD,2,5,718,0.030712,302.782605,69,0.351
SyntheticClustered,GrassmannHRD,2,5,719,0.699959,303.482563,69,0.352
SyntheticClustered,GrassmannHRD,2,5,720,0.646135,304.128698,69,0.353
SyntheticClustered,GrassmannHRD,2,5,721,0.242225,304.370923,69,0.353
SyntheticClustered,GrassmannHRD,2,5,722,0.474521,304.845443,69,0.354
SyntheticClustered,GrassmannHRD,2,5,723,0.628005,305.473448,69,0.355
SyntheticClustered,GrassmannHRD,2,5,724,0.060089,305.533537,69,0.355
SyntheticClustered,GrassmannHRD,2,5,725,0.542678,306.076215,69,0.356
SyntheticClustered,GrassmannHRD,2,5,726,0.548954,306.625169,69,0.356
SyntheticClustered,GrassmannHRD,2,5,727,0.289902,306.915071,69,0.357
SyntheticClustered,GrassmannHRD,2,5,728,0.526841,307.441912,70,0.358
SyntheticClustered,GrassmannHRD,2,5,729,0.363507,307.805419,70,0.359
SyntheticClustered,GrassmannHRD,2,5,730,0.132212,307.937631,70,0.360
SyntheticClustered,GrassmannHRD,2,5,731,0.599509,308.537140,72,0.363
SyntheticClustered,GrassmannHRD,2,5,732,0.107415,308.644555,72,0.364
SyntheticClustered,GrassmannHRD,2,5,733,0.103940,308.748495,72,0.364
SyntheticClustered,GrassmannHRD,2,5,734,0.754938,309.503433,72,0.365
SyntheticClustered,GrassmannHRD,2,5,735,0.559577,310.063010,72,0.366
SyntheticClustered,GrassmannHRD,2,5,736,0.113432,310.176442,72,0.367
SyntheticClustered,GrassmannHRD,2,5,737,0.365007,310.541449,72,0.367
SyntheticClustered,GrassmannHRD,2,5,738,0.177513,310.718962,72,0.368
SyntheticClustered,GrassmannHRD,2,5,739,0.220952,310.939914,72,0.369
SyntheticClustered,GrassmannHRD,2,5,740,0.736667,311.676580,72,0.370
SyntheticClustered,GrassmannHRD,2,5,741,0.453400,312.129980,72,0.370
SyntheticClustered,GrassmannHRD,2,5,742,0.219337,312.349317,72,0.371
SyntheticClustered,GrassmannHRD,2,5,743,0.847678,313.196994,72,0.372
SyntheticClustered,GrassmannHRD,2,5,744,0.190497,313.387491,72,0.372
SyntheticClustered,GrassmannHRD,2,5,745,0.386253,313.773744,72,0.373
SyntheticClustered,GrassmannHRD,2,5,746,0.486429,314.260173,72,0.374
SyntheticClustered,GrassmannHRD,2,5,747,0.184700,314.444874,72,0.375
SyntheticClustered,GrassmannHRD,2,5,748,0.210143,314.655017,72,0.375
SyntheticClustered,GrassmannHRD,2,5,749,0.746511,315.401528,72,0.376
SyntheticClustered,GrassmannHRD,2,5,750,0.505409,315.906937,72,0.377
SyntheticClustered,GrassmannHRD,2,5,751,0.136037,316.042974,72,0.378
SyntheticClustered,GrassmannHRD,2,5,752,0.902326,316.945300,72,0.379
SyntheticClustered,GrassmannHRD,2,5,753,0.323706,317.269006,72,0.380
SyntheticClustered,GrassmannHRD,2,5,754,0.125735,317.394741,72,0.380
SyntheticClustered,GrassmannHRD,2,5,755,0.863347,318.258088,72,0.380
SyntheticClustered,GrassmannHRD,2,5,756,0.187268,318.445356,72,0.381
SyntheticClustered,GrassmannHRD,2,5,757,0.091442,318.536799,72,0.381
SyntheticClustered,GrassmannHRD,2,5,758,0.910754,319.447552,72,0.382
SyntheticClustered,GrassmannHRD,2,5,759,0.092657,319.540209,72,0.382
SyntheticClustered,GrassmannHRD,2,5,760,0.132115,319.672324,72,0.383
SyntheticClustered,GrassmannHRD,2,5,761,0.509063,320.181387,72,0.383
SyntheticClustered,GrassmannHRD,2,5,762,0.441687,320.623074,72,0.384
SyntheticClustered,GrassmannHRD,2,5,763,0.018231,320.641305,72,0.385
SyntheticClustered,GrassmannHRD,2,5,764,0.518941,321.160246,72,0.386
SyntheticClustered,GrassmannHRD,2,5,765,0.357443,321.517690,72,0.386
SyntheticClustered,GrassmannHRD,2,5,766,0.173054,321.690744,72,0.387
SyntheticClustered,GrassmannHRD,2,5,767,0.473672,322.164415,72,0.388
SyntheticClustered,GrassmannHRD,2,5,768,0.009176,322.173591,72,0.388
SyntheticClustered,GrassmannHRD,2,5,769,0.219452,322.393043,72,0.389
SyntheticClustered,GrassmannHRD,2,5,770,0.824200,323.217243,72,0.390
SyntheticClustered,GrassmannHRD,2,5,771,0.212780,323.430023,72,0.391
SyntheticClustered,GrassmannHRD,2,5,772,0.227553,323.657576,72,0.392
SyntheticClustered,GrassmannHRD,2,5,773,0.856891,324.514467,72,0.392
SyntheticClustered,GrassmannHRD,2,5,774,0.140545,324.655012,72,0.393
SyntheticClustered,GrassmannHRD,2,5,775,0.333016,324.988028,72,0.394
SyntheticClustered,GrassmannHRD,2,5,776,0.899233,325.887261,72,0.394
SyntheticClustered,GrassmannHRD,2,5,777,0.608856,326.496117,72,0.395
SyntheticClustered,GrassmannHRD,2,5,778,0.632127,327.128245,72,0.396
SyntheticClustered,GrassmannHRD,2,5,779,0.708268,327.836513,72,0.397
SyntheticClustered,GrassmannHRD,2,5,780,0.182871,328.019384,72,0.397
SyntheticClustered,GrassmannHRD,2,5,781,0.237504,328.256888,72,0.398
SyntheticClustered,GrassmannHRD,2,5,782,0.439254,328.696141,73,0.401
SyntheticClustered,GrassmannHRD,2,5,783,0.444782,329.140924,73,0.401
SyntheticClustered,GrassmannHRD,2,5,784,0.061065,329.201988,73,0.402
SyntheticClustered,GrassmannHRD,2,5,785,0.569252,329.771240,73,0.403
SyntheticClustered,GrassmannHRD,2,5,786,0.757909,330.529149,73,0.404
SyntheticClustered,GrassmannHRD,2,5,787,0.110716,330.639865,73,0.404
SyntheticClustered,GrassmannHRD,2,5,788,0.997478,331.637342,73,0.405
SyntheticClustered,GrassmannHRD,2,5,789,0.596119,332.233462,73,0.405
SyntheticClustered,GrassmannHRD,2,5,790,0.141762,332.375223,73,0.406
SyntheticClustered,GrassmannHRD,2,5,791,0.978844,333.354067,73,0.407
SyntheticClustered,GrassmannHRD,2,5,792,0.373500,333.727567,73,0.407
SyntheticClustered,GrassmannHRD,2,5,793,0.268778,333.996345,73,0.408
SyntheticClustered,GrassmannHRD,2,5,794,0.872455,334.868800,73,0.408
SyntheticClustered,GrassmannHRD,2,5,795,0.040107,334.908907,73,0.409
SyntheticClustered,GrassmannHRD,2,5,796,0.149860,335.058767,73,0.409
SyntheticClustered,GrassmannHRD,2,5,797,0.701180,335.759947,73,0.410
SyntheticClustered,GrassmannHRD,2,5,798,0.068290,335.828237,73,0.410
SyntheticClustered,GrassmannHRD,2,5,799,0.298400,336.126637,73,0.411
SyntheticClustered,GrassmannHRD,2,5,800,0.611028,336.737665,73,0.412
SyntheticClustered,GrassmannHRD,2,5,801,0.541681,337.279346,73,0.413
SyntheticClustered,GrassmannHRD,2,5,802,0.014376,337.293722,73,0.413
SyntheticClustered,GrassmannHRD,2,5,803,0.961294,338.255016,73,0.414
SyntheticClustered,GrassmannHRD,2,5,804,0.825849,339.080865,73,0.414
SyntheticClustered,GrassmannHRD,2,5,805,0.238744,339.319609,73,0.415
SyntheticClustered,GrassmannHRD,2,5,806,0.565523,339.885132,73,0.415
SyntheticClustered,GrassmannHRD,2,5,807,0.156490,340.041622,73,0.415
SyntheticClustered,GrassmannHRD,2,5,808,0.196007,340.237630,74,0.417
SyntheticClustered,GrassmannHRD,2,5,809,0.390094,340.627724,74,0.417
SyntheticClustered,GrassmannHRD,2,5,810,0.261793,340.889517,74,0.418
SyntheticClustered,GrassmannHRD,2,5,811,0.182445,341.071962,74,0.418
SyntheticClustered,GrassmannHRD,2,5,812,0.637958,341.709920,76,0.420
SyntheticClustered,GrassmannHRD,2,5,813,0.366674,342.076593,76,0.421
SyntheticClustered,GrassmannHRD,2,5,814,0.320399,342.396992,76,0.421
SyntheticClustered,GrassmannHRD,2,5,815,0.150944,342.547936,76,0.422
SyntheticClustered,GrassmannHRD,2,5,816,0.272988,342.820924,76,0.422
SyntheticClustered,GrassmannHRD,2,5,817,0.398004,343.218928,76,0.423
SyntheticClustered,GrassmannHRD,2,5,818,0.510955,343.729883,76,0.423
SyntheticClustered,GrassmannHRD,2,5,819,0.490949,344.220832,76,0.424
SyntheticClustered,GrassmannHRD,2,5,820,0.167062,344.387894,76,0.425
SyntheticClustered,GrassmannHRD,2,5,821,0.570567,344.958461,76,0.425
SyntheticClustered,GrassmannHRD,2,5,822,0.500085,345.458546,76,0.426
SyntheticClustered,GrassmannHRD,2,5,823,0.180070,345.638616,76,0.427
SyntheticClustered,GrassmannHRD,2,5,824,0.411663,346.050278,76,0.428
SyntheticClustered,GrassmannHRD,2,5,825,0.973838,347.024116,76,0.428
SyntheticClustered,GrassmannHRD,2,5,826,0.118344,347.142460,76,0.429
SyntheticClustered,GrassmannHRD,2,5,827,0.628131,347.770592,76,0.429
SyntheticClustered,GrassmannHRD,2,5,828,0.411552,348.182144,76,0.430
SyntheticClustered,GrassmannHRD,2,5,829,0.110792,348.292936,76,0.430
SyntheticClustered,GrassmannHRD,2,5,830,0.499661,348.792597,76,0.431
SyntheticClustered,GrassmannHRD,2,5,831,0.481489,349.274086,76,0.431
SyntheticClustered,GrassmannHRD,2,5,832,0.253155,349.527241,76,0.432
SyntheticClustered,GrassmannHRD,2,5,833,0.740405,350.267646,76,0.432
SyntheticClustered,GrassmannHRD,2,5,834,0.033729,350.301375,76,0.433
SyntheticClustered,GrassmannHRD,2,5,835,0.182980,350.484354,76,0.433
SyntheticClustered,GrassmannHRD,2,5,836,0.157017,350.641372,77,0.434
SyntheticClustered,GrassmannHRD,2,5,837,0.299317,350.940689,77,0.435
SyntheticClustered,GrassmannHRD,2,5,838,0.118601,351.059289,77,0.435
SyntheticClustered,GrassmannHRD,2,5,839,0.608693,351.667982,77,0.436
SyntheticClustered,GrassmannHRD,2,5,840,0.623232,352.291214,77,0.436
SyntheticClustered,GrassmannHRD,2,5,841,0.740217,353.031430,77,0.437
SyntheticClustered,GrassmannHRD,2,5,842,0.494244,353.525674,77,0.437
SyntheticClustered,GrassmannHRD,2,5,843,0.615927,354.141601,77,0.437
SyntheticClustered,GrassmannHRD,2,5,844,0.021762,354.163363,77,0.438
SyntheticClustered,GrassmannHRD,2,5,845,0.421049,354.584413,77,0.439
SyntheticClustered,GrassmannHRD,2,5,846,0.164842,354.749255,77,0.440
SyntheticClustered,GrassmannHRD,2,5,847,0.233572,354.982827,77,0.440
SyntheticClustered,GrassmannHRD,2,5,848,0.555431,355.538258,77,0.441
SyntheticClustered,GrassmannHRD,2,5,849,0.601650,356.139909,77,0.441
SyntheticClustered,GrassmannHRD,2,5,850,0.065572,356.205481,77,0.442
SyntheticClustered,GrassmannHRD,2,5,851,0.942157,357.147638,78,0.443
SyntheticClustered,GrassmannHRD,2,5,852,0.406258,357.553896,78,0.444
SyntheticClustered,GrassmannHRD,2,5,853,0.117408,357.671304,80,0.446
SyntheticClustered,GrassmannHRD,2,5,854,0.300722,357.972027,80,0.446
SyntheticClustered,GrassmannHRD,2,5,855,0.211314,358.183341,80,0.447
SyntheticClustered,GrassmannHRD,2,5,856,0.322779,358.506120,80,0.447
SyntheticClustered,GrassmannHRD,2,5,857,0.458882,358.965002,80,0.448
SyntheticClustered,GrassmannHRD,2,5,858,0.389267,359.354269,80,0.448
SyntheticClustered,GrassmannHRD,2,5,859,0.066011,359.420279,80,0.449
SyntheticClustered,GrassmannHRD,2,5,860,0.218031,359.638310,80,0.449
SyntheticClustered,GrassmannHRD,2,5,861,0.364332,360.002642,80,0.450
SyntheticClustered,GrassmannHRD,2,5,862,0.221723,360.224365,80,0.450
SyntheticClustered,GrassmannHRD,2,5,863,0.402495,360.626860,80,0.451
SyntheticClustered,GrassmannHRD,2,5,864,0.208879,360.835739,80,0.452
SyntheticClustered,GrassmannHRD,2,5,865,0.024703,360.860443,80,0.452
SyntheticClustered,GrassmannHRD,2,5,866,0.653823,361.514265,80,0.453
SyntheticClustered,GrassmannHRD,2,5,867,0.157691,361.671956,80,0.454
SyntheticClustered,GrassmannHRD,2,5,868,0.044121,361.716077,80,0.455
SyntheticClustered,GrassmannHRD,2,5,869,0.851575,362.567652,80,0.456
SyntheticClustered,GrassmannHRD,2,5,870,0.300124,362.867777,80,0.456
SyntheticClustered,GrassmannHRD,2,5,871,0.236610,363.104387,80,0.457
SyntheticClustered,GrassmannHRD,2,5,872,0.843970,363.948357,80,0.457
SyntheticClustered,GrassmannHRD,2,5,873,0.242804,364.191161,80,0.458
SyntheticClustered,GrassmannHRD,2,5,874,0.279293,364.470454,80,0.459
SyntheticClustered,GrassmannHRD,2,5,875,0.610039,365.080492,80,0.459
SyntheticClustered,GrassmannHRD,2,5,876,0.374840,365.455333,80,0.460
SyntheticClustered,GrassmannHRD,2,5,877,0.233447,365.688780,80,0.460
SyntheticClustered,GrassmannHRD,2,5,878,0.592148,366.280927,80,0.461
SyntheticClustered,GrassmannHRD,2,5,879,0.247043,366.527971,80,0.461
SyntheticClustered,GrassmannHRD,2,5,880,0.059259,366.587229,80,0.462
SyntheticClustered,GrassmannHRD,2,5,881,0.555200,367.142429,80,0.462
SyntheticClustered,GrassmannHRD,2,5,882,0.510301,367.652730,80,0.463
SyntheticClustered,GrassmannHRD,2,5,883,0.355073,368.007804,80,0.464
SyntheticClustered,GrassmannHRD,2,5,884,0.393118,368.400922,80,0.464
SyntheticClustered,GrassmannHRD,2,5,885,0.046108,368.447030,80,0.465
SyntheticClustered,GrassmannHRD,2,5,886,0.114301,368.561331,80,0.466
SyntheticClustered,GrassmannHRD,2,5,887,0.699160,369.260492,80,0.467
SyntheticClustered,GrassmannHRD,2,5,888,0.191431,369.451923,80,0.468
SyntheticClustered,GrassmannHRD,2,5,889,0.136016,369.587939,80,0.468
SyntheticClustered,GrassmannHRD,2,5,890,0.849694,370.437633,80,0.469
SyntheticClustered,GrassmannHRD,2,5,891,0.217508,370.655141,80,0.470
SyntheticClustered,GrassmannHRD,2,5,892,0.177837,370.832978,80,0.471
SyntheticClustered,GrassmannHRD,2,5,893,0.601193,371.434172,80,0.471
SyntheticClustered,GrassmannHRD,2,5,894,0.651803,372.085974,80,0.472
SyntheticClustered,GrassmannHRD,2,5,895,0.575706,372.661681,80,0.473
SyntheticClustered,GrassmannHRD,2,5,896,0.875641,373.537322,80,0.474
SyntheticClustered,GrassmannHRD,2,5,897,0.439768,373.977090,80,0.475
SyntheticClustered,GrassmannHRD,2,5,898,0.425732,374.402822,80,0.475
SyntheticClustered,GrassmannHRD,2,5,899,0.586858,374.989680,80,0.476
SyntheticClustered,GrassmannHRD,2,5,900,0.543616,375.533296,80,0.477
SyntheticClustered,GrassmannHRD,2,5,901,0.020672,375.553967,80,0.478
SyntheticClustered,GrassmannHRD,2,5,902,0.513010,376.066977,80,0.478
SyntheticClustered,GrassmannHRD,2,5,903,0.415895,376.482872,80,0.479
SyntheticClustered,GrassmannHRD,2,5,904,0.194171,376.677043,80,0.479
SyntheticClustered,GrassmannHRD,2,5,905,0.291590,376.968633,80,0.480
SyntheticClustered,GrassmannHRD,2,5,906,0.015777,376.984410,80,0.480
SyntheticClustered,GrassmannHRD,2,5,907,0.414646,377.399056,80,0.481
SyntheticClustered,GrassmannHRD,2,5,908,0.644267,378.043323,80,0.481
SyntheticClustered,GrassmannHRD,2,5,909,0.066223,378.109546,80,0.482
SyntheticClustered,GrassmannHRD,2,5,910,0.188661,378.298207,80,0.482
SyntheticClustered,GrassmannHRD,2,5,911,0.529603,378.827810,80,0.483
SyntheticClustered,GrassmannHRD,2,5,912,0.514372,379.342182,80,0.483
SyntheticClustered,GrassmannHRD,2,5,913,0.176595,379.518777,80,0.484
SyntheticClustered,GrassmannHRD,2,5,914,0.511015,380.029793,80,0.484
SyntheticClustered,GrassmannHRD,2,5,915,0.645620,380.675413,80,0.485
SyntheticClustered,GrassmannHRD,2,5,916,0.434239,381.109652,80,0.486
SyntheticClustered,GrassmannHRD,2,5,917,0.587065,381.696717,80,0.486
SyntheticClustered,GrassmannHRD,2,5,918,0.137593,381.834311,80,0.487
SyntheticClustered,GrassmannHRD,2,5,919,0.230285,382.064596,80,0.488
SyntheticClustered,GrassmannHRD,2,5,920,0.613950,382.678546,80,0.489
SyntheticClustered,GrassmannHRD,2,5,921,0.412969,383.091515,80,0.489
SyntheticClustered,GrassmannHRD,2,5,922,0.156707,383.248222,80,0.490
SyntheticClustered,GrassmannHRD,2,5,923,0.825616,384.073838,80,0.491
SyntheticClustered,GrassmannHRD,2,5,924,0.096929,384.170768,80,0.492
SyntheticClustered,GrassmannHRD,2,5,925,0.130595,384.301363,80,0.492
SyntheticClustered,GrassmannHRD,2,5,926,0.771852,385.073215,80,0.493
SyntheticClustered,GrassmannHRD,2,5,927,0.357333,385.430547,80,0.494
SyntheticClustered,GrassmannHRD,2,5,928,0.100632,385.531179,80,0.495
SyntheticClustered,GrassmannHRD,2,5,929,0.599612,386.130791,80,0.495
SyntheticClustered,GrassmannHRD,2,5,930,0.636136,386.766927,80,0.496
SyntheticClustered,GrassmannHRD,2,5,931,0.033719,386.800646,80,0.497
SyntheticClustered,GrassmannHRD,2,5,932,0.503896,387.304542,80,0.498
SyntheticClustered,GrassmannHRD,2,5,933,0.413173,387.717715,80,0.499
SyntheticClustered,GrassmannHRD,2,5,934,0.193110,387.910826,80,0.499
SyntheticClustered,GrassmannHRD,2,5,935,0.351509,388.262334,80,0.500
SyntheticClustered,GrassmannHRD,2,5,936,0.504412,388.766746,80,0.501
SyntheticClustered,GrassmannHRD,2,5,937,0.451207,389.217953,80,0.502
SyntheticClustered,GrassmannHRD,2,5,938,0.276050,389.494004,80,0.502
SyntheticClustered,GrassmannHRD,2,5,939,0.191686,389.685690,80,0.503
SyntheticClustered,GrassmannHRD,2,5,940,0.435870,390.121559,80,0.504
SyntheticClustered,GrassmannHRD,2,5,941,0.868521,390.990080,80,0.505
SyntheticClustered,GrassmannHRD,2,5,942,0.358225,391.348305,80,0.506
SyntheticClustered,GrassmannHRD,2,5,943,0.430831,391.779136,80,0.506
SyntheticClustered,GrassmannHRD,2,5,944,0.710861,392.489997,80,0.507
SyntheticClustered,GrassmannHRD,2,5,945,0.181021,392.671018,80,0.507
SyntheticClustered,GrassmannHRD,2,5,946,0.363996,393.035014,80,0.508
SyntheticClustered,GrassmannHRD,2,5,947,0.136896,393.171911,80,0.508
SyntheticClustered,GrassmannHRD,2,5,948,0.258424,393.430335,80,0.509
SyntheticClustered,GrassmannHRD,2,5,949,0.351534,393.781870,80,0.509
SyntheticClustered,GrassmannHRD,2,5,950,0.238919,394.020789,80,0.510
SyntheticClustered,GrassmannHRD,2,5,951,0.072461,394.093250,80,0.510
SyntheticClustered,GrassmannHRD,2,5,952,0.335513,394.428762,80,0.511
SyntheticClustered,GrassmannHRD,2,5,953,0.602489,395.031252,80,0.511
SyntheticClustered,GrassmannHRD,2,5,954,0.276501,395.307752,80,0.512
SyntheticClustered,GrassmannHRD,2,5,955,0.257019,395.564771,80,0.512
SyntheticClustered,GrassmannHRD,2,5,956,0.784051,396.348822,80,0.513
SyntheticClustered,GrassmannHRD,2,5,957,0.435578,396.784400,80,0.513
SyntheticClustered,GrassmannHRD,2,5,958,0.052070,396.836470,81,0.515
SyntheticClustered,GrassmannHRD,2,5,959,0.544970,397.381441,81,0.516
SyntheticClustered,GrassmannHRD,2,5,960,0.398085,397.779526,81,0.517
SyntheticClustered,GrassmannHRD,2,5,961,0.147662,397.927188,81,0.517
SyntheticClustered,GrassmannHRD,2,5,962,0.965217,398.892406,81,0.518
SyntheticClustered,GrassmannHRD,2,5,963,0.121370,399.013776,81,0.518
SyntheticClustered,GrassmannHRD,2,5,964,0.250061,399.263837,81,0.519
SyntheticClustered,GrassmannHRD,2,5,965,0.436083,399.699920,81,0.520
SyntheticClustered,GrassmannHRD,2,5,966,0.472115,400.172035,81,0.520
SyntheticClustered,GrassmannHRD,2,5,967,0.333312,400.505348,81,0.521
SyntheticClustered,GrassmannHRD,2,5,968,0.304251,400.809598,81,0.522
SyntheticClustered,GrassmannHRD,2,5,969,0.288777,401.098375,81,0.522
SyntheticClustered,GrassmannHRD,2,5,970,0.309434,401.407809,81,0.522
SyntheticClustered,GrassmannHRD,2,5,971,0.648291,402.056100,81,0.523
SyntheticClustered,GrassmannHRD,2,5,972,0.450626,402.506726,81,0.523
SyntheticClustered,GrassmannHRD,2,5,973,0.037234,402.543960,81,0.524
SyntheticClustered,GrassmannHRD,2,5,974,0.609039,403.153000,81,0.524
SyntheticClustered,GrassmannHRD,2,5,975,0.222233,403.375233,81,0.525
SyntheticClustered,GrassmannHRD,2,5,976,0.165744,403.540977,81,0.525
SyntheticClustered,GrassmannHRD,2,5,977,0.676079,404.217056,81,0.526
SyntheticClustered,GrassmannHRD,2,5,978,0.562329,404.779385,81,0.526
SyntheticClustered,GrassmannHRD,2,5,979,0.076960,404.856345,81,0.527
SyntheticClustered,GrassmannHRD,2,5,980,0.536451,405.392796,81,0.527
SyntheticClustered,GrassmannHRD,2,5,981,0.463129,405.855925,81,0.528
SyntheticClustered,GrassmannHRD,2,5,982,0.466331,406.322256,81,0.528
SyntheticClustered,GrassmannHRD,2,5,983,0.574453,406.896709,81,0.528
SyntheticClustered,GrassmannHRD,2,5,984,0.446871,407.343580,81,0.529
SyntheticClustered,GrassmannHRD,2,5,985,0.149403,407.492983,81,0.529
SyntheticClustered,GrassmannHRD,2,5,986,0.336433,407.829416,81,0.530
SyntheticClustered,GrassmannHRD,2,5,987,0.160410,407.989827,81,0.530
SyntheticClustered,GrassmannHRD,2,5,988,0.747265,408.737092,81,0.531
SyntheticClustered,GrassmannHRD,2,5,989,0.721517,409.458609,81,0.531
SyntheticClustered,GrassmannHRD,2,5,990,0.224433,409.683042,81,0.532
SyntheticClustered,GrassmannHRD,2,5,991,0.402310,410.085351,81,0.532
SyntheticClustered,GrassmannHRD,2,5,992,0.908147,410.993499,81,0.533
SyntheticClustered,GrassmannHRD,2,5,993,0.592782,411.586281,81,0.533
SyntheticClustered,GrassmannHRD,2,5,994,0.031530,411.617811,81,0.534
SyntheticClustered,GrassmannHRD,2,5,995,0.552187,412.169998,81,0.534
SyntheticClustered,GrassmannHRD,2,5,996,0.251005,412.421003,81,0.535
SyntheticClustered,GrassmannHRD,2,5,997,0.092941,412.513945,81,0.535
SyntheticClustered,GrassmannHRD,2,5,998,0.868890,413.382834,81,0.536
SyntheticClustered,GrassmannHRD,2,5,999,0.374669,413.757503,81,0.536
